finding,value,source
paid_sem_q3_godi,0,GODI-MARKETING-PERFORMANCE-AUDIT.pdf (Q3 scorecard: Paid SEM $0 vs industry avg $17K)
paid_sem_q3_need4speed,17000+,GODI-MARKETING-PERFORMANCE-AUDIT.pdf (Need4Speed invested $17K+)
stockout_unmet_rate_pct,78,GODI-MARKETING-PERFORMANCE-AUDIT.pdf (78% of customer orders unfulfilled)
stockout_lost_orders,801,GODI-MARKETING-PERFORMANCE-AUDIT.pdf
high_intent_buyers_missed_pct,30-40,GODI-MARKETING-PERFORMANCE-AUDIT.pdf (estimate)
ads_created,3,GODI-MARKETING-PERFORMANCE-AUDIT.pdf (all quality scores < 70)
regional_placements,10,GODI-MARKETING-PERFORMANCE-AUDIT.pdf (vs 20+ competitors)
offline_ad_overspend,58000,GODI-MARKETING-PERFORMANCE-AUDIT.pdf
sem_seo_spend_q3,3000,GODI-MARKETING-PERFORMANCE-AUDIT.pdf
social_spend_q3,0,GODI-MARKETING-PERFORMANCE-AUDIT.pdf
q4_plan_sem_budget,17200,GODI-MARKETING-PERFORMANCE-AUDIT.pdf (Q4 corrective plan)
q4_plan_market_share_target_pct,15-17,GODI-MARKETING-PERFORMANCE-AUDIT.pdf
q4_plan_roi_target,1.5,GODI-MARKETING-PERFORMANCE-AUDIT.pdf (Marketing ROI > 1.5)
q4_plan_tagline,"Ride Confidently - GODI Delivers",GODI-MARKETING-PERFORMANCE-AUDIT.pdf
recreation_search_volume,1333,GODI-MARKETING-PERFORMANCE-AUDIT.pdf (highest search volume in market)
urban_comfort_loss,-47000,GODI-MARKETING-PERFORMANCE-AUDIT.pdf (Recreation segment: Urban Comfort)
q5_paid_sem_budget_total,50000,team-godi/GODI's Q5 Paid SEM.pdf (header: Quarter 6; max bids 4.00-4.15 by segment)
